{
  "Total" : {
    "transaction" : "Total",
    "sampleCount" : 100,
    "errorCount" : 0,
    "errorPct" : 0.0,
    "meanResTime" : 1.1500000000000004,
    "medianResTime" : 1.0,
    "minResTime" : 0.0,
    "maxResTime" : 17.0,
    "pct1ResTime" : 2.0,
    "pct2ResTime" : 2.0,
    "pct3ResTime" : 16.869999999999933,
    "throughput" : 115.47344110854503,
    "receivedKBytesPerSec" : 25.93641743648961,
    "sentKBytesPerSec" : 16.915054849884527
  },
  "HTTP Request" : {
    "transaction" : "HTTP Request",
    "sampleCount" : 100,
    "errorCount" : 0,
    "errorPct" : 0.0,
    "meanResTime" : 1.1500000000000004,
    "medianResTime" : 1.0,
    "minResTime" : 0.0,
    "maxResTime" : 17.0,
    "pct1ResTime" : 2.0,
    "pct2ResTime" : 2.0,
    "pct3ResTime" : 16.869999999999933,
    "throughput" : 115.47344110854503,
    "receivedKBytesPerSec" : 25.93641743648961,
    "sentKBytesPerSec" : 16.915054849884527
  }
}