{
  "Total" : {
    "transaction" : "Total",
    "sampleCount" : 1200,
    "errorCount" : 1010,
    "errorPct" : 84.166664,
    "meanResTime" : 0.5999999999999998,
    "medianResTime" : 0.0,
    "minResTime" : 0.0,
    "maxResTime" : 17.0,
    "pct1ResTime" : 1.0,
    "pct2ResTime" : 1.0,
    "pct3ResTime" : 2.0,
    "throughput" : 1314.3483023001095,
    "receivedKBytesPerSec" : 177.4605524370208,
    "sentKBytesPerSec" : 192.5314895947426
  },
  "HTTP Request" : {
    "transaction" : "HTTP Request",
    "sampleCount" : 1200,
    "errorCount" : 1010,
    "errorPct" : 84.166664,
    "meanResTime" : 0.5999999999999998,
    "medianResTime" : 0.0,
    "minResTime" : 0.0,
    "maxResTime" : 17.0,
    "pct1ResTime" : 1.0,
    "pct2ResTime" : 1.0,
    "pct3ResTime" : 2.0,
    "throughput" : 1314.3483023001095,
    "receivedKBytesPerSec" : 177.4605524370208,
    "sentKBytesPerSec" : 192.5314895947426
  }
}